{
    "name": "Flux Conduit",
    "description": "Moves liquids at the same rate as turbo conduits, with surging enegy makes flows more stable. Does not accept fluids from the sides by anything other than conduits. Leaks less.",
    "type": "ArmoredConduit",
    "health": 280,
    "category": "liquid",
    "liquidCapacity" :24,
    "requirements":
    [
    { "item": "phase-fabric", "amount": 1 },
    { "item": "plastanium", "amount": 1 },
    { "item": "surge-alloy", "amount": 1 },
    { "item": "metaglass", "amount": 1 },
    ],
    "research": "turbo-conduit",
}