{
    "name": "vanilla-mindustry-extension-mod-pack",
    "displayName": "vanilla Mindustry extension mod pack",
    "author": "Sanila Lino",
    "description": "Adding following blocks:
    Isolated/Fabric/Surging Conveyors & Coated/Turbo/Flux Conduits,
    Liquid Distributor,
    Large Liquid Tank,
    Huge Battery,
    Huge/Gigantic Walls,
    Lead Walls,
    Reactive Bomb,
    Repository,
    Targeted Drill (suggested by u/TheFalseViddaric),
    Reducer (suggested by u/TheFalseViddaric),
    Core: Prototype (for map making) (suggested by u/Esnardoo).",
    "version": "5.104.6.1",
    "minGameVersion": "5.104.6",
}