{
    "name": "Slag Extractor",
    "description": "Uses huge amounts of power to drill lava from deep behind as slag.",
    "type": "solidPump",
    "health": 160,
    "size": 2,
    "category": "production",
    "result": "slag",
    "attribute":"heat",
    "pumpAmount": 0.09,
    "consumes": 
    {
        "power": {"usage":4.5}
    },
    "liquidCapacity": 30,
    "requirements":
    [
    { "item": "copper", "amount": 150 },
    { "item": "lead", "amount": 125 },
    { "item": "graphite", "amount": 200 },
    { "item": "titanium", "amount": 150 },
    { "item": "thorium", "amount": 150 }
    ],
    "research": "oil-extractor",
}