{
    "name": "Large Liquid Tank",
    "description": "Stores a huge amount of liquids. Use for creating buffers in situations with non-constant demand of materials or as a safeguard for cooling vital blocks.",
    "type": "LiquidTank",
    "health": 1200,
    "size": 4,
    "category": "liquid",
    "liquidCapacity" :3500,
    "requirements":
    [
    { "item": "titanium", "amount": 50 },
    { "item": "metaglass", "amount": 50 },
    { "item": "plastanium", "amount": 15 }
    ],
    "research": "liquid-tank",
}