{
	"type": "ArmoredConveyor",
	"name": "Surging Conveyor",
	"health": 240,
	"description": "Moves items at the same speed as fabric conveyors, with surging enegy makes it more durable. Does not accept inputs from the sides from anything but other conveyor belts.",
	"requirements": [
		{"item": "surge-alloy", "amount": 1},
		{"item": "plastanium", "amount": 1},
		{"item": "phase-fabric", "amount": 1},
	],
	"category": "distribution",
	"speed": 0.13,
                   "displayedSpeed": 16,
	"research": "fabric-conveyor"
}