{
    "name": "Targeted Drill",
    "description": "A specialized pneumatic drill, designed to mine ores from a tiny space.",
    "type": "Drill",
    "health": 40,
    "size": 1,
    "category": "production",
    "tier": 3,
    "drillTime" : 450,
    "liquidBoostIntensity": 1.6,
    "consumes": 
    {
        "liquid": {"liquid":"water", "amount": 0.01,booster: true,optional: true},
    },
    "requirements":
    [
    { "item": "copper", "amount": 10 },
    { "item": "graphite", "amount": 5 },
    { "item": "lead", "amount": 5 },
    ],
    "research": "pneumatic-drill",
}