{
  "name": "Enhanced Door",
  "description": "An enhanced small door, much more stronger now. Can be opened and closed by tapping.",
  "type": "Door",
  "health":720,
  "size": 1,
  "requirements": [
          {"item": "graphite", "amount": 2 }
{"item": "silicon", "amount": 1 }
{"item": "metaglass", "amount": 1 }
{"item": "phase-fabric", "amount": 2 }
{"item": "plastanium", "amount": 2 }
{"item": "surge-alloy", "amount": 2 }
    ],
  "category": "defense",
  "insulated": true,
  "research": "door"
}