{
  "name": "Enhanced Large Door",
  "description": "An enhanced large door, much more stronger now. Can be opened and closed by tapping.
Spans multiple tiles.",
  "type": "Door",
  "health": 2880,
  "size": 2,
  "requirements": [
    {"item": "graphite", "amount": 8 }
{"item": "silicon", "amount": 4 }
{"item": "metaglass", "amount": 4 }
{"item": "phase-fabric", "amount": 8 }
{"item": "plastanium", "amount": 8 }
{"item": "surge-alloy", "amount": 8 }
  ],
  "category": "defense",
  "insulated": true,
  "research": "enhanced-door"
}