{
    "name": "Reactive Bomb",
    "description": "A bomb that will explodes violently if attacked.",
    "type": "block",
    "update": false,
    "destructible": true,
    "solid": true,
    "breakable": true,
    "rebuildable": false,
    "health": 1,
    "baseExplosiveness": 750,
    "size": 2,
    "requirements":
    [
    { "item": "graphite", "amount": 50 },
    { "item": "thorium", "amount": 75 },
    { "item": "silicon", "amount": 50 }
    ],
    "category": "effect",
    "research": "shock-mine",
}