{
    "name": "Reducer",
    "description": "An upgraded version of the silicon smelter. Uses more power to reduces sand quickly and costs less coal.",
    "type": "GenericSmelter",
    "health": 60,
    "size": 3,
    "category": "crafting",
    "outputItem": {"item": "silicon", "amount": 3},
    "craftTime": 30,
    "consumes": {
		"power": 2.4,
		"items": {
			"items": [
				{ "item": "sand", "amount": 6 },
				{ "item": "coal", "amount": 2 },
			]
		}
	},
    "requirements":
    [
    { "item": "lead", "amount": 75 },
    { "item": "graphite", "amount": 50 },
    { "item": "titanium", "amount": 75 },
    { "item": "metaglass", "amount": 50 }
    ],
    "research": "kiln",
}