{
    "name": "Targeted Drill",
    "description": "A specialized laser drill, designed to mine ores from a tiny space.",
    "type": "Drill",
    "health": 40,
    "size": 1,
    "category": "production",
    "tier": 4,
    "drillTime" : 300,
    "liquidBoostIntensity": 1.6,
    "consumes": 
    {
        "liquid": {"liquid":"water", "amount": 0.01,booster: true,optional: true},
        "power": {"usage":0.15}
    },
    "requirements":
    [
    { "item": "copper", "amount": 20 },
    { "item": "graphite", "amount": 20 },
    { "item": "titanium", "amount": 10 },
    { "item": "silicon", "amount": 15 },
    { "item": "phase-fabric", "amount": 5 }
    ],
    "research": "laser-drill",
}